{
  "hash": "34bc7ab0",
  "configHash": "7bd98c28",
  "lockfileHash": "ae9dba3d",
  "browserHash": "db0797ca",
  "optimized": {
    "@angular/common": {
      "src": "../../../../../../node_modules/@angular/common/fesm2022/common.mjs",
      "file": "@angular_common.js",
      "fileHash": "02560d55",
      "needsInterop": false
    },
    "@angular/core": {
      "src": "../../../../../../node_modules/@angular/core/fesm2022/core.mjs",
      "file": "@angular_core.js",
      "fileHash": "1ae5448e",
      "needsInterop": false
    },
    "@angular/forms": {
      "src": "../../../../../../node_modules/@angular/forms/fesm2022/forms.mjs",
      "file": "@angular_forms.js",
      "fileHash": "76a2e924",
      "needsInterop": false
    },
    "@angular/platform-browser": {
      "src": "../../../../../../node_modules/@angular/platform-browser/fesm2022/platform-browser.mjs",
      "file": "@angular_platform-browser.js",
      "fileHash": "757eaf0a",
      "needsInterop": false
    },
    "@angular/router": {
      "src": "../../../../../../node_modules/@angular/router/fesm2022/router.mjs",
      "file": "@angular_router.js",
      "fileHash": "46f72235",
      "needsInterop": false
    },
    "@microsoft/signalr": {
      "src": "../../../../../../node_modules/@microsoft/signalr/dist/esm/index.js",
      "file": "@microsoft_signalr.js",
      "fileHash": "c31cab4a",
      "needsInterop": false
    },
    "primeng/button": {
      "src": "../../../../../../node_modules/primeng/fesm2022/primeng-button.mjs",
      "file": "primeng_button.js",
      "fileHash": "c2c1bcb0",
      "needsInterop": false
    },
    "primeng/inputtext": {
      "src": "../../../../../../node_modules/primeng/fesm2022/primeng-inputtext.mjs",
      "file": "primeng_inputtext.js",
      "fileHash": "5a21a4e9",
      "needsInterop": false
    },
    "primeng/selectbutton": {
      "src": "../../../../../../node_modules/primeng/fesm2022/primeng-selectbutton.mjs",
      "file": "primeng_selectbutton.js",
      "fileHash": "b11320e2",
      "needsInterop": false
    },
    "rxjs": {
      "src": "../../../../../../node_modules/rxjs/dist/esm5/index.js",
      "file": "rxjs.js",
      "fileHash": "e7a6f9bb",
      "needsInterop": false
    }
  },
  "chunks": {
    "chunk-ENDZ6JX6": {
      "file": "chunk-ENDZ6JX6.js"
    },
    "chunk-QOHG4JBQ": {
      "file": "chunk-QOHG4JBQ.js"
    },
    "chunk-K6M7G7SD": {
      "file": "chunk-K6M7G7SD.js"
    },
    "chunk-65JXMITP": {
      "file": "chunk-65JXMITP.js"
    },
    "chunk-6AHZEFZI": {
      "file": "chunk-6AHZEFZI.js"
    },
    "chunk-7MMSEWZP": {
      "file": "chunk-7MMSEWZP.js"
    },
    "chunk-66JPAEYR": {
      "file": "chunk-66JPAEYR.js"
    },
    "chunk-J25FJFZE": {
      "file": "chunk-J25FJFZE.js"
    }
  }
}