{
  "hash": "050e1e7e",
  "configHash": "e3630d91",
  "lockfileHash": "ae9dba3d",
  "browserHash": "d65fa608",
  "optimized": {
    "@angular/common": {
      "src": "../../../../../../node_modules/@angular/common/fesm2022/common.mjs",
      "file": "@angular_common.js",
      "fileHash": "e4801df4",
      "needsInterop": false
    },
    "@angular/core": {
      "src": "../../../../../../node_modules/@angular/core/fesm2022/core.mjs",
      "file": "@angular_core.js",
      "fileHash": "bab526ad",
      "needsInterop": false
    },
    "@angular/forms": {
      "src": "../../../../../../node_modules/@angular/forms/fesm2022/forms.mjs",
      "file": "@angular_forms.js",
      "fileHash": "c8a8baa3",
      "needsInterop": false
    },
    "@angular/platform-browser": {
      "src": "../../../../../../node_modules/@angular/platform-browser/fesm2022/platform-browser.mjs",
      "file": "@angular_platform-browser.js",
      "fileHash": "1e8381af",
      "needsInterop": false
    },
    "@angular/platform-server": {
      "src": "../../../../../../node_modules/@angular/platform-server/fesm2022/platform-server.mjs",
      "file": "@angular_platform-server.js",
      "fileHash": "e180d97f",
      "needsInterop": false
    },
    "@angular/router": {
      "src": "../../../../../../node_modules/@angular/router/fesm2022/router.mjs",
      "file": "@angular_router.js",
      "fileHash": "6a0b6634",
      "needsInterop": false
    },
    "@microsoft/signalr": {
      "src": "../../../../../../node_modules/@microsoft/signalr/dist/esm/index.js",
      "file": "@microsoft_signalr.js",
      "fileHash": "5165b3ef",
      "needsInterop": false
    },
    "primeng/button": {
      "src": "../../../../../../node_modules/primeng/fesm2022/primeng-button.mjs",
      "file": "primeng_button.js",
      "fileHash": "de8499c4",
      "needsInterop": false
    },
    "primeng/inputtext": {
      "src": "../../../../../../node_modules/primeng/fesm2022/primeng-inputtext.mjs",
      "file": "primeng_inputtext.js",
      "fileHash": "81fc32f4",
      "needsInterop": false
    },
    "primeng/selectbutton": {
      "src": "../../../../../../node_modules/primeng/fesm2022/primeng-selectbutton.mjs",
      "file": "primeng_selectbutton.js",
      "fileHash": "742f345a",
      "needsInterop": false
    },
    "rxjs": {
      "src": "../../../../../../node_modules/rxjs/dist/cjs/index.js",
      "file": "rxjs.js",
      "fileHash": "ea48b368",
      "needsInterop": true
    }
  },
  "chunks": {
    "xhr2-ISERFGGE": {
      "file": "xhr2-ISERFGGE.js"
    },
    "chunk-UQAGCRQY": {
      "file": "chunk-UQAGCRQY.js"
    },
    "chunk-XDJ4HFLI": {
      "file": "chunk-XDJ4HFLI.js"
    },
    "chunk-TEB2G7K2": {
      "file": "chunk-TEB2G7K2.js"
    },
    "chunk-BW3YJSGB": {
      "file": "chunk-BW3YJSGB.js"
    },
    "chunk-VZTX2A42": {
      "file": "chunk-VZTX2A42.js"
    },
    "chunk-Q3R2RZWL": {
      "file": "chunk-Q3R2RZWL.js"
    },
    "chunk-2H3L6IVL": {
      "file": "chunk-2H3L6IVL.js"
    },
    "chunk-NQ4HTGF6": {
      "file": "chunk-NQ4HTGF6.js"
    }
  }
}